<?xml version="1.0" encoding="UTF-8"?>
<beans xmlns="http://www.springframework.org/schema/beans"
	xmlns:xsi="http://www.w3.org/2001/XMLSchema-instance"
	xmlns:context="http://www.springframework.org/schema/context"
	xmlns:mvc="http://www.springframework.org/schema/mvc"
	xmlns:tx="http://www.springframework.org/schema/tx"
	xmlns:p="http://www.springframework.org/schema/p"
	xsi:schemaLocation="http://www.springframework.org/schema/mvc http://www.springframework.org/schema/mvc/spring-mvc-4.3.xsd
		http://www.springframework.org/schema/beans http://www.springframework.org/schema/beans/spring-beans.xsd
		http://www.springframework.org/schema/context http://www.springframework.org/schema/context/spring-context-4.3.xsd
		http://www.springframework.org/schema/tx http://www.springframework.org/schema/tx/spring-tx-4.3.xsd">


	<mvc:annotation-driven></mvc:annotation-driven>
	<context:component-scan base-package="org.orders"></context:component-scan>
	
	<bean id="dataSource"
		class="org.springframework.jdbc.datasource.DriverManagerDataSource"
		p:driverClassName="oracle.jdbc.driver.OracleDriver" 
		p:url="jdbc:oracle:thin:@localhost:1521:XE"
		p:username="store" 
		p:password="admin" />	
		
	<bean id="transactionManager" name=""
		class="org.springframework.jdbc.datasource.DataSourceTransactionManager">
		<property name="dataSource" ref="dataSource"></property>
	</bean>
	
	<bean id="sessionFactory" class="org.springframework.orm.hibernate5.LocalSessionFactoryBean">
		<property name="dataSource" ref="dataSource"></property>
		<property name="packagesToScan" value="org.orders.entity" />
		<property name="hibernateProperties">
			<props>
				<prop key="org.hibernate.dialect.MySQL5Dialect"></prop>
			</props>
		</property>
	</bean>			
	
	<bean id="viewResolver" class="org.springframework.web.servlet.view.InternalResourceViewResolver">	
		<!-- <property name="viewClass" value="org.springframework.web.servlet.view.JstlView"/>-->		
        <property name="prefix" value="/WEB-INF/views/" />
        <property name="suffix" value=".jsp" />
    </bean>	
    
    <mvc:resources mapping="/assets/**" location="/assets/" />    
</beans>
