<project xmlns="http://maven.apache.org/POM/4.0.0" xmlns:xsi="http://www.w3.org/2001/XMLSchema-instance"
  xsi:schemaLocation="http://maven.apache.org/POM/4.0.0 http://maven.apache.org/maven-v4_0_0.xsd">
  <modelVersion>4.0.0</modelVersion>
  <groupId>com.falabella.module</groupId>
  <artifactId>orders</artifactId>
  <packaging>war</packaging>
  <version>0.0.1-SNAPSHOT</version>
  <name>orders Maven Webapp</name>
  <url>http://maven.apache.org</url>
  
  	<properties>
		<org.springframework-version>4.3.6.RELEASE</org.springframework-version>
		<hibernate.version>5.2.11.Final</hibernate.version>
	</properties>
  
  <dependencies>
    <dependency>
      <groupId>junit</groupId>
      <artifactId>junit</artifactId>
      <version>3.8.1</version>
      <scope>test</scope>
    </dependency>
	<dependency>
	    <groupId>org.springframework</groupId>
	    <artifactId>spring-webmvc</artifactId>
	    <version>${org.springframework-version}</version>
	</dependency>
	<!--  
	<dependency>
	    <groupId>org.hibernate</groupId>
	    <artifactId>hibernate-core</artifactId>
	    <version>5.2.9.Final</version>
	</dependency>
	-->
	<!-- Hibernate ORM -->
  <dependency>
    <groupId>org.hibernate</groupId>
    <artifactId>hibernate-core</artifactId>
    <version>${hibernate.version}</version>
  </dependency>
  <!-- Hibernate-C3P0 Integration -->
  <dependency>
    <groupId>org.hibernate</groupId>
    <artifactId>hibernate-c3p0</artifactId>
    <version>${hibernate.version}</version>
  </dependency>
    <!-- Hibernate-SESSION FACTORY -->
   <dependency>
	<groupId>org.hibernate</groupId>
	<artifactId>hibernate-commons-annotations</artifactId>
	<version>3.2.0.FINAL</version>
</dependency>
	<dependency>
	    <groupId>org.springframework</groupId>
	    <artifactId>spring-orm</artifactId>
	    <version>${org.springframework-version}</version>
	</dependency>	
	<dependency>
	    <groupId>org.springframework</groupId>
	    <artifactId>spring-aop</artifactId>
	    <version>${org.springframework-version}</version>
	</dependency>
	<dependency>
	    <groupId>mysql</groupId>
	    <artifactId>mysql-connector-java</artifactId>
	    <version>5.1.39</version>
	</dependency>
	<dependency>
	    <groupId>com.mchange</groupId>
	    <artifactId>c3p0</artifactId>
	    <version>0.9.5.2</version>
	</dependency>
	<dependency>
	    <groupId>org.springframework</groupId>
	    <artifactId>spring-tx</artifactId>
	    <version>${org.springframework-version}</version>
	</dependency>
	<dependency>
        <groupId>javax.servlet</groupId>
        <artifactId>jstl</artifactId>
        <version>1.2</version>
    </dependency>
	<dependency>
		<groupId>com.oracle</groupId>
		<artifactId>ojdbc6</artifactId>
		<version>11.2.0.2.0</version>
	</dependency>
  </dependencies>
  <repositories>
		<repository>
			<id>codelds</id>
			<url>https://code.lds.org/nexus/content/groups/main-repo</url>
		</repository>
		<repository>
			<id>clojars</id>
			<url>http://clojars.org/repo/</url>
		</repository>
		<repository>
			<id>datanucleus</id>
			<url>http://www.datanucleus.org/downloads/maven2/</url>
		</repository>
	</repositories>
  <build>
  	<plugins>
 		<plugin>
		  <groupId>org.apache.maven.plugins</groupId>
		  <artifactId>maven-compiler-plugin</artifactId>
		  <version>2.1</version>
		  <configuration>
		    <source>1.7</source>
		    <target>1.7</target>
		  </configuration>
		</plugin>
  	</plugins>
  </build>
</project>